{"cameraMode":{"drawMode":0,"name":"Shaded","section":"Shading Mode"},"sceneLighting":false,"audioPlay":false,"sceneViewState":{"m_AlwaysRefresh":false,"showFog":true,"showSkybox":true,"showFlares":true,"showImageEffects":true,"showParticleSystems":true,"showVisualEffectGraphs":true,"m_FxEnabled":true},"in2DMode":false,"pivot":{"x":-0.5752534866333008,"y":3.874911308288574,"z":-93.46194458007813},"rotation":{"x":0.06486950814723969,"y":-0.9225525856018066,"z":0.23824812471866609,"w":0.29825422167778017},"size":14.153633117675782,"orthographic":false}