{"cameraMode":{"drawMode":0,"name":"Shaded","section":"Shading Mode"},"sceneLighting":false,"audioPlay":false,"sceneViewState":{"m_AlwaysRefresh":false,"showFog":true,"showSkybox":false,"showFlares":true,"showImageEffects":true,"showParticleSystems":true,"showVisualEffectGraphs":true,"m_FxEnabled":true},"in2DMode":false,"pivot":{"x":1.514196753501892,"y":2.309119701385498,"z":-9.452868461608887},"rotation":{"x":0.00031170586589723825,"y":0.9971221685409546,"z":0.008695586584508419,"w":-0.07712958008050919},"size":0.8660253882408142,"orthographic":false}