{"cameraMode":{"drawMode":0,"name":"Shaded","section":"Shading Mode"},"sceneLighting":false,"audioPlay":false,"sceneViewState":{"m_AlwaysRefresh":false,"showFog":true,"showSkybox":false,"showFlares":true,"showImageEffects":true,"showParticleSystems":true,"showVisualEffectGraphs":true,"m_FxEnabled":true},"in2DMode":false,"pivot":{"x":4.480000019073486,"y":1.2131842374801636,"z":-9.090059280395508},"rotation":{"x":0.15670403838157655,"y":0.0752696692943573,"z":-0.012190633453428746,"w":0.9848540425300598},"size":0.8660291433334351,"orthographic":false}